:START_ID(CPG),:END_ID(CPG),:TYPE,VARIABLE:string
30064771072,68719476736,ARGUMENT,
30064771072,176093659136,ARGUMENT,
30064771073,90194313216,ARGUMENT,
30064771073,90194313217,ARGUMENT,
30064771074,68719476737,ARGUMENT,
30064771074,30064771073,ARGUMENT,
30064771075,90194313218,ARGUMENT,
30064771075,90194313219,ARGUMENT,
30064771076,68719476739,ARGUMENT,
30064771076,30064771075,ARGUMENT,
30064771077,90194313220,ARGUMENT,
30064771077,90194313221,ARGUMENT,
30064771078,68719476741,ARGUMENT,
30064771078,30064771077,ARGUMENT,
30064771079,90194313222,ARGUMENT,
30064771079,90194313223,ARGUMENT,
30064771080,68719476743,ARGUMENT,
30064771080,30064771079,ARGUMENT,
30064771081,68719476745,ARGUMENT,
30064771081,90194313224,ARGUMENT,
30064771082,68719476746,ARGUMENT,
30064771082,90194313225,ARGUMENT,
30064771083,68719476748,ARGUMENT,
30064771083,55834574848,ARGUMENT,
30064771084,68719476749,ARGUMENT,
30064771084,68719476747,ARGUMENT,
30064771085,68719476750,ARGUMENT,
30064771085,30064771084,ARGUMENT,
30064771086,68719476751,ARGUMENT,
30064771086,55834574849,ARGUMENT,
30064771087,68719476752,ARGUMENT,
30064771088,68719476753,ARGUMENT,
30064771088,30064771087,ARGUMENT,
30064771089,68719476754,ARGUMENT,
30064771089,55834574850,ARGUMENT,
30064771090,68719476755,ARGUMENT,
30064771090,90194313226,ARGUMENT,
30064771091,68719476756,ARGUMENT,
30064771091,55834574851,ARGUMENT,
30064771092,68719476757,ARGUMENT,
30064771093,68719476759,ARGUMENT,
30064771093,68719476760,ARGUMENT,
30064771094,90194313227,ARGUMENT,
30064771094,30064771093,ARGUMENT,
30064771095,68719476761,ARGUMENT,
30064771095,30064771094,ARGUMENT,
30064771096,68719476763,ARGUMENT,
30064771096,55834574852,ARGUMENT,
30064771097,68719476764,ARGUMENT,
30064771097,68719476762,ARGUMENT,
30064771098,68719476765,ARGUMENT,
30064771098,55834574853,ARGUMENT,
30064771099,68719476766,ARGUMENT,
30064771100,68719476758,ARGUMENT,
30064771100,120259084288,ARGUMENT,
30064771101,90194313228,ARGUMENT,
30064771101,68719476768,ARGUMENT,
30064771102,68719476769,ARGUMENT,
30064771102,30064771101,ARGUMENT,
30064771103,68719476771,ARGUMENT,
30064771103,55834574854,ARGUMENT,
30064771104,68719476772,ARGUMENT,
30064771104,68719476770,ARGUMENT,
30064771105,68719476773,ARGUMENT,
30064771105,55834574855,ARGUMENT,
30064771106,68719476774,ARGUMENT,
30064771107,68719476767,ARGUMENT,
30064771107,120259084289,ARGUMENT,
30064771108,68719476777,ARGUMENT,
30064771108,55834574856,ARGUMENT,
30064771109,68719476778,ARGUMENT,
30064771109,68719476776,ARGUMENT,
30064771110,68719476775,ARGUMENT,
30064771110,120259084290,ARGUMENT,
30064771111,68719476781,ARGUMENT,
30064771111,55834574857,ARGUMENT,
30064771112,68719476782,ARGUMENT,
30064771112,68719476780,ARGUMENT,
30064771113,68719476779,ARGUMENT,
30064771113,120259084291,ARGUMENT,
30064771114,68719476783,ARGUMENT,
30064771114,90194313229,ARGUMENT,
30064771115,90194313230,ARGUMENT,
30064771115,90194313231,ARGUMENT,
30064771116,90194313232,ARGUMENT,
30064771116,90194313233,ARGUMENT,
30064771117,90194313234,ARGUMENT,
30064771117,68719476786,ARGUMENT,
30064771118,90194313235,ARGUMENT,
30064771119,30064771118,ARGUMENT,
30064771120,90194313236,ARGUMENT,
30064771121,30064771120,ARGUMENT,
30064771122,90194313237,ARGUMENT,
30064771123,90194313238,ARGUMENT,
30064771123,68719476793,ARGUMENT,
141733920768,30064771106,ARGUMENT,
141733920769,30064771109,ARGUMENT,
141733920770,30064771112,ARGUMENT,
25769803776,30064771072,AST,
25769803776,30064771074,AST,
25769803776,30064771076,AST,
25769803776,30064771078,AST,
25769803776,30064771080,AST,
25769803776,30064771081,AST,
25769803776,30064771082,AST,
25769803776,30064771085,AST,
25769803776,30064771088,AST,
25769803776,30064771090,AST,
25769803776,30064771092,AST,
25769803776,30064771100,AST,
25769803776,30064771107,AST,
25769803776,30064771110,AST,
25769803776,30064771113,AST,
25769803776,47244640258,AST,
25769803776,94489280513,AST,
25769803776,94489280514,AST,
25769803776,94489280515,AST,
25769803776,94489280516,AST,
25769803776,94489280517,AST,
25769803776,94489280518,AST,
25769803776,94489280519,AST,
25769803776,94489280520,AST,
25769803776,94489280521,AST,
25769803776,94489280522,AST,
25769803776,94489280523,AST,
25769803776,94489280524,AST,
25769803776,94489280525,AST,
25769803776,94489280526,AST,
25769803776,94489280527,AST,
25769803777,30064771095,AST,
25769803777,30064771097,AST,
25769803777,30064771099,AST,
25769803777,94489280528,AST,
25769803777,94489280529,AST,
25769803777,94489280530,AST,
25769803778,30064771102,AST,
25769803778,30064771104,AST,
25769803778,141733920768,AST,
25769803778,94489280531,AST,
25769803778,94489280532,AST,
25769803779,141733920769,AST,
25769803779,94489280533,AST,
25769803780,141733920770,AST,
25769803780,94489280534,AST,
25769803781,30064771123,AST,
25769803781,94489280512,AST,
25769803782,30064771122,AST,
25769803783,25769803781,AST,
25769803784,30064771115,AST,
25769803784,30064771116,AST,
25769803784,30064771117,AST,
25769803784,30064771119,AST,
25769803784,30064771121,AST,
25769803784,47244640256,AST,
30064771072,68719476736,AST,
30064771072,176093659136,AST,
30064771073,68719476738,AST,
30064771073,90194313216,AST,
30064771073,90194313217,AST,
30064771074,68719476737,AST,
30064771074,30064771073,AST,
30064771075,68719476740,AST,
30064771075,90194313218,AST,
30064771075,90194313219,AST,
30064771076,68719476739,AST,
30064771076,30064771075,AST,
30064771077,68719476742,AST,
30064771077,90194313220,AST,
30064771077,90194313221,AST,
30064771078,68719476741,AST,
30064771078,30064771077,AST,
30064771079,68719476744,AST,
30064771079,90194313222,AST,
30064771079,90194313223,AST,
30064771080,68719476743,AST,
30064771080,30064771079,AST,
30064771081,68719476745,AST,
30064771081,90194313224,AST,
30064771082,68719476746,AST,
30064771082,90194313225,AST,
30064771083,68719476748,AST,
30064771083,55834574848,AST,
30064771084,30064771083,AST,
30064771084,68719476749,AST,
30064771084,68719476747,AST,
30064771085,68719476750,AST,
30064771085,30064771084,AST,
30064771086,68719476751,AST,
30064771086,55834574849,AST,
30064771087,30064771086,AST,
30064771087,68719476752,AST,
30064771088,68719476753,AST,
30064771088,30064771087,AST,
30064771089,68719476754,AST,
30064771089,55834574850,AST,
30064771090,30064771089,AST,
30064771090,68719476755,AST,
30064771090,90194313226,AST,
30064771091,68719476756,AST,
30064771091,55834574851,AST,
30064771092,30064771091,AST,
30064771092,68719476757,AST,
30064771093,68719476759,AST,
30064771093,68719476760,AST,
30064771094,90194313227,AST,
30064771094,30064771093,AST,
30064771095,68719476761,AST,
30064771095,30064771094,AST,
30064771096,68719476763,AST,
30064771096,55834574852,AST,
30064771097,30064771096,AST,
30064771097,68719476764,AST,
30064771097,68719476762,AST,
30064771098,68719476765,AST,
30064771098,55834574853,AST,
30064771099,30064771098,AST,
30064771099,68719476766,AST,
30064771100,68719476758,AST,
30064771100,120259084288,AST,
30064771101,90194313228,AST,
30064771101,68719476768,AST,
30064771102,68719476769,AST,
30064771102,30064771101,AST,
30064771103,68719476771,AST,
30064771103,55834574854,AST,
30064771104,30064771103,AST,
30064771104,68719476772,AST,
30064771104,68719476770,AST,
30064771105,68719476773,AST,
30064771105,55834574855,AST,
30064771106,30064771105,AST,
30064771106,68719476774,AST,
30064771107,68719476767,AST,
30064771107,120259084289,AST,
30064771108,68719476777,AST,
30064771108,55834574856,AST,
30064771109,30064771108,AST,
30064771109,68719476778,AST,
30064771109,68719476776,AST,
30064771110,68719476775,AST,
30064771110,120259084290,AST,
30064771111,68719476781,AST,
30064771111,55834574857,AST,
30064771112,30064771111,AST,
30064771112,68719476782,AST,
30064771112,68719476780,AST,
30064771113,68719476779,AST,
30064771113,120259084291,AST,
30064771114,68719476783,AST,
30064771114,90194313229,AST,
30064771115,68719476784,AST,
30064771115,90194313230,AST,
30064771115,90194313231,AST,
30064771116,68719476785,AST,
30064771116,90194313232,AST,
30064771116,90194313233,AST,
30064771117,68719476787,AST,
30064771117,90194313234,AST,
30064771117,68719476786,AST,
30064771118,68719476788,AST,
30064771118,90194313235,AST,
30064771119,68719476789,AST,
30064771119,30064771118,AST,
30064771120,68719476790,AST,
30064771120,90194313236,AST,
30064771121,68719476791,AST,
30064771121,30064771120,AST,
30064771122,68719476792,AST,
30064771122,90194313237,AST,
30064771123,68719476794,AST,
30064771123,90194313238,AST,
30064771123,68719476793,AST,
47244640256,25769803782,AST,
47244640256,47244640257,AST,
47244640257,25769803783,AST,
47244640258,30064771114,AST,
47244640258,25769803784,AST,
60129542144,137438953472,AST,
107374182400,25769803776,AST,
107374182400,128849018880,AST,
107374182401,128849018881,AST,
107374182402,124554051584,AST,
107374182403,107374182400,AST,
107374182404,167503724544,AST,
107374182405,107374182401,AST,
107374182406,167503724544,AST,
107374182407,107374182402,AST,
107374182408,167503724544,AST,
107374182409,107374182403,AST,
107374182410,167503724544,AST,
107374182401,25769803777,AST,
107374182411,128849018882,AST,
107374182412,111669149696,AST,
107374182413,111669149697,AST,
107374182414,124554051585,AST,
107374182415,115964116992,AST,
107374182416,115964116993,AST,
107374182402,25769803778,AST,
107374182417,128849018883,AST,
107374182403,25769803779,AST,
107374182404,25769803780,AST,
137438953472,167503724544,AST,
137438953473,107374182404,AST,
137438953474,107374182405,AST,
141733920768,30064771106,AST,
141733920769,30064771109,AST,
141733920770,30064771112,AST,
167503724544,98784247808,AST,
167503724544,98784247809,AST,
167503724544,98784247810,AST,
167503724544,98784247811,AST,
167503724544,98784247812,AST,
167503724544,21474836480,BINDS,
167503724544,21474836481,BINDS,
167503724544,21474836482,BINDS,
167503724544,21474836483,BINDS,
167503724544,21474836484,BINDS,
30064771072,107374182408,CALL,
30064771074,107374182408,CALL,
30064771076,107374182408,CALL,
30064771078,107374182408,CALL,
30064771080,107374182408,CALL,
30064771081,107374182408,CALL,
30064771082,107374182408,CALL,
30064771083,107374182407,CALL,
30064771084,107374182410,CALL,
30064771085,107374182408,CALL,
30064771086,107374182407,CALL,
30064771087,107374182411,CALL,
30064771088,107374182408,CALL,
30064771089,107374182407,CALL,
30064771090,107374182412,CALL,
30064771091,107374182407,CALL,
30064771092,107374182413,CALL,
30064771093,107374182409,CALL,
30064771094,107374182406,CALL,
30064771095,107374182408,CALL,
30064771096,107374182407,CALL,
30064771097,107374182412,CALL,
30064771098,107374182407,CALL,
30064771099,107374182413,CALL,
30064771100,107374182408,CALL,
30064771101,107374182406,CALL,
30064771102,107374182408,CALL,
30064771103,107374182407,CALL,
30064771104,107374182412,CALL,
30064771105,107374182407,CALL,
30064771106,107374182414,CALL,
30064771107,107374182408,CALL,
30064771108,107374182407,CALL,
30064771109,107374182415,CALL,
30064771110,107374182408,CALL,
30064771111,107374182407,CALL,
30064771112,107374182416,CALL,
30064771113,107374182408,CALL,
30064771114,107374182405,CALL,
30064771115,107374182401,CALL,
30064771116,107374182401,CALL,
30064771117,107374182417,CALL,
30064771118,107374182402,CALL,
30064771119,107374182417,CALL,
30064771120,107374182403,CALL,
30064771121,107374182417,CALL,
30064771122,107374182404,CALL,
30064771123,107374182417,CALL,
120259084288,34359738368,CAPTURE,
120259084289,34359738369,CAPTURE,
120259084290,34359738370,CAPTURE,
120259084291,34359738371,CAPTURE,
30064771114,30064771115,CDG,
30064771114,30064771116,CDG,
30064771114,68719476790,CDG,
30064771114,68719476791,CDG,
30064771114,68719476792,CDG,
30064771114,68719476786,CDG,
30064771114,68719476787,CDG,
30064771114,68719476788,CDG,
30064771114,68719476789,CDG,
30064771114,90194313235,CDG,
30064771114,90194313236,CDG,
30064771114,90194313237,CDG,
30064771114,68719476784,CDG,
30064771114,68719476785,CDG,
30064771114,90194313231,CDG,
30064771114,90194313232,CDG,
30064771114,90194313233,CDG,
30064771114,90194313234,CDG,
30064771114,90194313230,CDG,
30064771114,30064771121,CDG,
30064771114,30064771122,CDG,
30064771114,30064771117,CDG,
30064771114,30064771118,CDG,
30064771114,30064771119,CDG,
30064771114,30064771120,CDG,
30064771122,25769803781,CDG,
30064771122,68719476794,CDG,
30064771122,68719476793,CDG,
30064771122,90194313238,CDG,
30064771122,30064771123,CDG,
25769803781,124554051584,CFG,
30064771072,68719476737,CFG,
30064771073,30064771074,CFG,
30064771074,68719476739,CFG,
30064771075,30064771076,CFG,
30064771076,68719476741,CFG,
30064771077,30064771078,CFG,
30064771078,68719476743,CFG,
30064771079,30064771080,CFG,
30064771080,68719476745,CFG,
30064771081,68719476746,CFG,
30064771082,68719476750,CFG,
30064771083,68719476749,CFG,
30064771084,30064771085,CFG,
30064771085,68719476753,CFG,
30064771086,68719476752,CFG,
30064771087,30064771088,CFG,
30064771088,68719476754,CFG,
30064771089,68719476755,CFG,
30064771090,68719476756,CFG,
30064771091,68719476757,CFG,
30064771092,68719476758,CFG,
30064771093,30064771094,CFG,
30064771094,30064771095,CFG,
30064771095,68719476763,CFG,
30064771096,68719476764,CFG,
30064771097,68719476765,CFG,
30064771098,68719476766,CFG,
30064771099,124554051585,CFG,
30064771100,68719476767,CFG,
30064771101,30064771102,CFG,
30064771102,68719476771,CFG,
30064771103,68719476772,CFG,
30064771104,68719476773,CFG,
30064771105,68719476774,CFG,
30064771106,141733920768,CFG,
30064771107,68719476775,CFG,
30064771108,68719476778,CFG,
30064771109,141733920769,CFG,
30064771110,68719476779,CFG,
30064771111,68719476782,CFG,
30064771112,141733920770,CFG,
30064771113,68719476783,CFG,
30064771114,68719476784,CFG,
30064771114,124554051584,CFG,
30064771115,68719476785,CFG,
30064771116,68719476787,CFG,
30064771117,68719476789,CFG,
30064771118,30064771119,CFG,
30064771119,68719476791,CFG,
30064771120,30064771121,CFG,
30064771121,68719476792,CFG,
30064771122,68719476794,CFG,
30064771122,124554051584,CFG,
30064771123,25769803781,CFG,
55834574848,30064771083,CFG,
55834574849,30064771086,CFG,
55834574850,30064771089,CFG,
55834574851,30064771091,CFG,
55834574852,30064771096,CFG,
55834574853,30064771098,CFG,
55834574854,30064771103,CFG,
55834574855,30064771105,CFG,
55834574856,30064771108,CFG,
55834574857,30064771111,CFG,
68719476736,176093659136,CFG,
68719476737,68719476738,CFG,
68719476738,90194313216,CFG,
68719476739,68719476740,CFG,
68719476740,90194313218,CFG,
68719476741,68719476742,CFG,
68719476742,90194313220,CFG,
68719476743,68719476744,CFG,
68719476744,90194313222,CFG,
68719476745,90194313224,CFG,
68719476746,90194313225,CFG,
68719476747,30064771084,CFG,
68719476748,55834574848,CFG,
68719476749,68719476747,CFG,
68719476750,68719476748,CFG,
68719476751,55834574849,CFG,
68719476752,30064771087,CFG,
68719476753,68719476751,CFG,
68719476754,55834574850,CFG,
68719476755,90194313226,CFG,
68719476756,55834574851,CFG,
68719476757,30064771092,CFG,
68719476758,120259084288,CFG,
68719476759,68719476760,CFG,
68719476760,30064771093,CFG,
68719476761,90194313227,CFG,
68719476762,30064771097,CFG,
68719476763,55834574852,CFG,
68719476764,68719476762,CFG,
68719476765,55834574853,CFG,
68719476766,30064771099,CFG,
68719476767,120259084289,CFG,
68719476768,30064771101,CFG,
68719476769,90194313228,CFG,
68719476770,30064771104,CFG,
68719476771,55834574854,CFG,
68719476772,68719476770,CFG,
68719476773,55834574855,CFG,
68719476774,30064771106,CFG,
68719476775,120259084290,CFG,
68719476776,30064771109,CFG,
68719476777,55834574856,CFG,
68719476778,68719476776,CFG,
68719476779,120259084291,CFG,
68719476780,30064771112,CFG,
68719476781,55834574857,CFG,
68719476782,68719476780,CFG,
68719476783,90194313229,CFG,
68719476784,90194313230,CFG,
68719476785,90194313232,CFG,
68719476786,30064771117,CFG,
68719476787,90194313234,CFG,
68719476788,90194313235,CFG,
68719476789,68719476788,CFG,
68719476790,90194313236,CFG,
68719476791,68719476790,CFG,
68719476792,90194313237,CFG,
68719476793,30064771123,CFG,
68719476794,90194313238,CFG,
90194313216,90194313217,CFG,
90194313217,30064771073,CFG,
90194313218,90194313219,CFG,
90194313219,30064771075,CFG,
90194313220,90194313221,CFG,
90194313221,30064771077,CFG,
90194313222,90194313223,CFG,
90194313223,30064771079,CFG,
90194313224,30064771081,CFG,
90194313225,30064771082,CFG,
90194313226,30064771090,CFG,
90194313227,68719476759,CFG,
90194313228,68719476768,CFG,
90194313229,30064771114,CFG,
90194313230,90194313231,CFG,
90194313231,30064771115,CFG,
90194313232,90194313233,CFG,
90194313233,30064771116,CFG,
90194313234,68719476786,CFG,
90194313235,30064771118,CFG,
90194313236,30064771120,CFG,
90194313237,30064771122,CFG,
90194313238,68719476793,CFG,
107374182400,68719476736,CFG,
107374182401,68719476761,CFG,
107374182402,68719476769,CFG,
107374182403,68719476777,CFG,
107374182404,68719476781,CFG,
107374182401,124554051584,CFG,
107374182402,124554051585,CFG,
107374182403,124554051586,CFG,
107374182404,124554051587,CFG,
107374182405,124554051588,CFG,
120259084288,30064771100,CFG,
120259084289,30064771107,CFG,
120259084290,30064771110,CFG,
120259084291,30064771113,CFG,
141733920768,124554051589,CFG,
141733920769,124554051590,CFG,
141733920770,124554051591,CFG,
176093659136,30064771072,CFG,
47244640258,30064771114,CONDITION,
60129542144,107374182400,CONTAINS,
60129542144,167503724544,CONTAINS,
107374182400,25769803776,CONTAINS,
107374182400,107374182401,CONTAINS,
107374182401,167503724544,CONTAINS,
107374182402,107374182402,CONTAINS,
107374182403,167503724544,CONTAINS,
107374182404,107374182403,CONTAINS,
107374182405,167503724544,CONTAINS,
107374182406,107374182404,CONTAINS,
107374182407,167503724544,CONTAINS,
107374182408,30064771072,CONTAINS,
107374182400,30064771074,CONTAINS,
107374182400,30064771076,CONTAINS,
107374182400,30064771078,CONTAINS,
107374182400,30064771080,CONTAINS,
107374182400,30064771081,CONTAINS,
107374182400,30064771082,CONTAINS,
107374182400,30064771085,CONTAINS,
107374182400,30064771088,CONTAINS,
107374182400,30064771090,CONTAINS,
107374182400,30064771092,CONTAINS,
107374182401,30064771100,CONTAINS,
107374182402,30064771107,CONTAINS,
107374182403,30064771110,CONTAINS,
107374182404,30064771113,CONTAINS,
107374182400,47244640258,CONTAINS,
107374182409,68719476736,CONTAINS,
107374182410,176093659136,CONTAINS,
107374182400,68719476737,CONTAINS,
107374182400,30064771073,CONTAINS,
107374182400,68719476739,CONTAINS,
107374182400,30064771075,CONTAINS,
107374182400,68719476741,CONTAINS,
107374182400,30064771077,CONTAINS,
107374182400,68719476743,CONTAINS,
107374182400,30064771079,CONTAINS,
107374182400,68719476745,CONTAINS,
107374182400,90194313224,CONTAINS,
107374182400,68719476746,CONTAINS,
107374182400,90194313225,CONTAINS,
107374182400,68719476750,CONTAINS,
107374182400,30064771084,CONTAINS,
107374182400,68719476753,CONTAINS,
107374182400,30064771087,CONTAINS,
107374182400,30064771089,CONTAINS,
107374182400,68719476755,CONTAINS,
107374182400,90194313226,CONTAINS,
107374182400,30064771091,CONTAINS,
107374182400,68719476757,CONTAINS,
107374182401,68719476758,CONTAINS,
107374182411,120259084288,CONTAINS,
107374182402,68719476767,CONTAINS,
107374182412,120259084289,CONTAINS,
107374182403,68719476775,CONTAINS,
107374182413,120259084290,CONTAINS,
107374182404,68719476779,CONTAINS,
107374182414,120259084291,CONTAINS,
107374182400,30064771114,CONTAINS,
107374182400,25769803784,CONTAINS,
107374182400,68719476738,CONTAINS,
107374182400,90194313216,CONTAINS,
107374182400,90194313217,CONTAINS,
107374182400,68719476740,CONTAINS,
107374182400,90194313218,CONTAINS,
107374182400,90194313219,CONTAINS,
107374182400,68719476742,CONTAINS,
107374182400,90194313220,CONTAINS,
107374182400,90194313221,CONTAINS,
107374182400,68719476744,CONTAINS,
107374182400,90194313222,CONTAINS,
107374182400,90194313223,CONTAINS,
107374182400,30064771083,CONTAINS,
107374182400,68719476749,CONTAINS,
107374182400,68719476747,CONTAINS,
107374182400,30064771086,CONTAINS,
107374182400,68719476752,CONTAINS,
107374182400,68719476754,CONTAINS,
107374182400,55834574850,CONTAINS,
107374182400,68719476756,CONTAINS,
107374182400,55834574851,CONTAINS,
107374182400,68719476783,CONTAINS,
107374182400,90194313229,CONTAINS,
107374182400,30064771115,CONTAINS,
107374182400,30064771116,CONTAINS,
107374182400,30064771117,CONTAINS,
107374182400,30064771119,CONTAINS,
107374182400,30064771121,CONTAINS,
107374182400,47244640256,CONTAINS,
107374182400,68719476748,CONTAINS,
107374182400,55834574848,CONTAINS,
107374182400,68719476751,CONTAINS,
107374182400,55834574849,CONTAINS,
107374182400,68719476784,CONTAINS,
107374182400,90194313230,CONTAINS,
107374182400,90194313231,CONTAINS,
107374182400,68719476785,CONTAINS,
107374182400,90194313232,CONTAINS,
107374182400,90194313233,CONTAINS,
107374182400,68719476787,CONTAINS,
107374182400,90194313234,CONTAINS,
107374182400,68719476786,CONTAINS,
107374182400,68719476789,CONTAINS,
107374182400,30064771118,CONTAINS,
107374182400,68719476791,CONTAINS,
107374182400,30064771120,CONTAINS,
107374182400,25769803782,CONTAINS,
107374182400,47244640257,CONTAINS,
107374182400,68719476788,CONTAINS,
107374182400,90194313235,CONTAINS,
107374182400,68719476790,CONTAINS,
107374182400,90194313236,CONTAINS,
107374182400,30064771122,CONTAINS,
107374182400,25769803783,CONTAINS,
107374182400,68719476792,CONTAINS,
107374182400,90194313237,CONTAINS,
107374182400,25769803781,CONTAINS,
107374182400,30064771123,CONTAINS,
107374182400,68719476794,CONTAINS,
107374182400,90194313238,CONTAINS,
107374182400,68719476793,CONTAINS,
107374182401,25769803777,CONTAINS,
107374182401,30064771095,CONTAINS,
107374182401,30064771097,CONTAINS,
107374182401,30064771099,CONTAINS,
107374182401,68719476761,CONTAINS,
107374182401,30064771094,CONTAINS,
107374182401,30064771096,CONTAINS,
107374182401,68719476764,CONTAINS,
107374182401,68719476762,CONTAINS,
107374182401,30064771098,CONTAINS,
107374182401,68719476766,CONTAINS,
107374182401,90194313227,CONTAINS,
107374182401,30064771093,CONTAINS,
107374182401,68719476763,CONTAINS,
107374182401,55834574852,CONTAINS,
107374182401,68719476765,CONTAINS,
107374182401,55834574853,CONTAINS,
107374182401,68719476759,CONTAINS,
107374182401,68719476760,CONTAINS,
107374182402,25769803778,CONTAINS,
107374182402,30064771102,CONTAINS,
107374182402,30064771104,CONTAINS,
107374182415,141733920768,CONTAINS,
107374182402,68719476769,CONTAINS,
107374182402,30064771101,CONTAINS,
107374182402,30064771103,CONTAINS,
107374182402,68719476772,CONTAINS,
107374182402,68719476770,CONTAINS,
107374182402,30064771106,CONTAINS,
107374182402,90194313228,CONTAINS,
107374182402,68719476768,CONTAINS,
107374182402,68719476771,CONTAINS,
107374182402,55834574854,CONTAINS,
107374182402,30064771105,CONTAINS,
107374182402,68719476774,CONTAINS,
107374182402,68719476773,CONTAINS,
107374182402,55834574855,CONTAINS,
107374182403,25769803779,CONTAINS,
107374182416,141733920769,CONTAINS,
107374182403,30064771109,CONTAINS,
107374182403,30064771108,CONTAINS,
107374182403,68719476778,CONTAINS,
107374182403,68719476776,CONTAINS,
107374182403,68719476777,CONTAINS,
107374182403,55834574856,CONTAINS,
107374182404,25769803780,CONTAINS,
107374182417,141733920770,CONTAINS,
107374182404,30064771112,CONTAINS,
107374182404,30064771111,CONTAINS,
107374182404,68719476782,CONTAINS,
107374182404,68719476780,CONTAINS,
107374182404,68719476781,CONTAINS,
107374182404,55834574857,CONTAINS,
30064771072,68719476737,DOMINATE,
30064771073,30064771074,DOMINATE,
30064771074,68719476739,DOMINATE,
30064771075,30064771076,DOMINATE,
30064771076,68719476741,DOMINATE,
30064771077,30064771078,DOMINATE,
30064771078,68719476743,DOMINATE,
30064771079,30064771080,DOMINATE,
30064771080,68719476745,DOMINATE,
30064771081,68719476746,DOMINATE,
30064771082,68719476750,DOMINATE,
30064771083,68719476749,DOMINATE,
30064771084,30064771085,DOMINATE,
30064771085,68719476753,DOMINATE,
30064771086,68719476752,DOMINATE,
30064771087,30064771088,DOMINATE,
30064771088,68719476754,DOMINATE,
30064771089,68719476755,DOMINATE,
30064771090,68719476756,DOMINATE,
30064771091,68719476757,DOMINATE,
30064771092,68719476758,DOMINATE,
30064771093,30064771094,DOMINATE,
30064771094,30064771095,DOMINATE,
30064771095,68719476763,DOMINATE,
30064771096,68719476764,DOMINATE,
30064771097,68719476765,DOMINATE,
30064771098,68719476766,DOMINATE,
30064771099,124554051585,DOMINATE,
30064771100,68719476767,DOMINATE,
30064771101,30064771102,DOMINATE,
30064771102,68719476771,DOMINATE,
30064771103,68719476772,DOMINATE,
30064771104,68719476773,DOMINATE,
30064771105,68719476774,DOMINATE,
30064771106,141733920768,DOMINATE,
30064771107,68719476775,DOMINATE,
30064771108,68719476778,DOMINATE,
30064771109,141733920769,DOMINATE,
30064771110,68719476779,DOMINATE,
30064771111,68719476782,DOMINATE,
30064771112,141733920770,DOMINATE,
30064771113,68719476783,DOMINATE,
30064771114,124554051584,DOMINATE,
30064771114,68719476784,DOMINATE,
30064771115,68719476785,DOMINATE,
30064771116,68719476787,DOMINATE,
30064771117,68719476789,DOMINATE,
30064771118,30064771119,DOMINATE,
30064771119,68719476791,DOMINATE,
30064771120,30064771121,DOMINATE,
30064771121,68719476792,DOMINATE,
30064771122,68719476794,DOMINATE,
30064771123,25769803781,DOMINATE,
55834574848,30064771083,DOMINATE,
55834574849,30064771086,DOMINATE,
55834574850,30064771089,DOMINATE,
55834574851,30064771091,DOMINATE,
55834574852,30064771096,DOMINATE,
55834574853,30064771098,DOMINATE,
55834574854,30064771103,DOMINATE,
55834574855,30064771105,DOMINATE,
55834574856,30064771108,DOMINATE,
55834574857,30064771111,DOMINATE,
68719476736,176093659136,DOMINATE,
68719476737,68719476738,DOMINATE,
68719476738,90194313216,DOMINATE,
68719476739,68719476740,DOMINATE,
68719476740,90194313218,DOMINATE,
68719476741,68719476742,DOMINATE,
68719476742,90194313220,DOMINATE,
68719476743,68719476744,DOMINATE,
68719476744,90194313222,DOMINATE,
68719476745,90194313224,DOMINATE,
68719476746,90194313225,DOMINATE,
68719476747,30064771084,DOMINATE,
68719476748,55834574848,DOMINATE,
68719476749,68719476747,DOMINATE,
68719476750,68719476748,DOMINATE,
68719476751,55834574849,DOMINATE,
68719476752,30064771087,DOMINATE,
68719476753,68719476751,DOMINATE,
68719476754,55834574850,DOMINATE,
68719476755,90194313226,DOMINATE,
68719476756,55834574851,DOMINATE,
68719476757,30064771092,DOMINATE,
68719476758,120259084288,DOMINATE,
68719476759,68719476760,DOMINATE,
68719476760,30064771093,DOMINATE,
68719476761,90194313227,DOMINATE,
68719476762,30064771097,DOMINATE,
68719476763,55834574852,DOMINATE,
68719476764,68719476762,DOMINATE,
68719476765,55834574853,DOMINATE,
68719476766,30064771099,DOMINATE,
68719476767,120259084289,DOMINATE,
68719476768,30064771101,DOMINATE,
68719476769,90194313228,DOMINATE,
68719476770,30064771104,DOMINATE,
68719476771,55834574854,DOMINATE,
68719476772,68719476770,DOMINATE,
68719476773,55834574855,DOMINATE,
68719476774,30064771106,DOMINATE,
68719476775,120259084290,DOMINATE,
68719476776,30064771109,DOMINATE,
68719476777,55834574856,DOMINATE,
68719476778,68719476776,DOMINATE,
68719476779,120259084291,DOMINATE,
68719476780,30064771112,DOMINATE,
68719476781,55834574857,DOMINATE,
68719476782,68719476780,DOMINATE,
68719476783,90194313229,DOMINATE,
68719476784,90194313230,DOMINATE,
68719476785,90194313232,DOMINATE,
68719476786,30064771117,DOMINATE,
68719476787,90194313234,DOMINATE,
68719476788,90194313235,DOMINATE,
68719476789,68719476788,DOMINATE,
68719476790,90194313236,DOMINATE,
68719476791,68719476790,DOMINATE,
68719476792,90194313237,DOMINATE,
68719476793,30064771123,DOMINATE,
68719476794,90194313238,DOMINATE,
90194313216,90194313217,DOMINATE,
90194313217,30064771073,DOMINATE,
90194313218,90194313219,DOMINATE,
90194313219,30064771075,DOMINATE,
90194313220,90194313221,DOMINATE,
90194313221,30064771077,DOMINATE,
90194313222,90194313223,DOMINATE,
90194313223,30064771079,DOMINATE,
90194313224,30064771081,DOMINATE,
90194313225,30064771082,DOMINATE,
90194313226,30064771090,DOMINATE,
90194313227,68719476759,DOMINATE,
90194313228,68719476768,DOMINATE,
90194313229,30064771114,DOMINATE,
90194313230,90194313231,DOMINATE,
90194313231,30064771115,DOMINATE,
90194313232,90194313233,DOMINATE,
90194313233,30064771116,DOMINATE,
90194313234,68719476786,DOMINATE,
90194313235,30064771118,DOMINATE,
90194313236,30064771120,DOMINATE,
90194313237,30064771122,DOMINATE,
90194313238,68719476793,DOMINATE,
107374182400,68719476736,DOMINATE,
107374182401,68719476761,DOMINATE,
107374182402,68719476769,DOMINATE,
107374182403,68719476777,DOMINATE,
107374182404,68719476781,DOMINATE,
107374182401,124554051584,DOMINATE,
107374182402,124554051585,DOMINATE,
107374182403,124554051586,DOMINATE,
107374182404,124554051587,DOMINATE,
107374182405,124554051588,DOMINATE,
120259084288,30064771100,DOMINATE,
120259084289,30064771107,DOMINATE,
120259084290,30064771110,DOMINATE,
120259084291,30064771113,DOMINATE,
141733920768,124554051589,DOMINATE,
141733920769,124554051590,DOMINATE,
141733920770,124554051591,DOMINATE,
176093659136,30064771072,DOMINATE,
25769803776,158913789952,EVAL_TYPE,
25769803777,158913789952,EVAL_TYPE,
25769803778,158913789952,EVAL_TYPE,
25769803779,158913789952,EVAL_TYPE,
25769803780,158913789952,EVAL_TYPE,
25769803781,158913789952,EVAL_TYPE,
25769803782,158913789952,EVAL_TYPE,
25769803783,158913789952,EVAL_TYPE,
25769803784,158913789952,EVAL_TYPE,
25769803785,158913789952,EVAL_TYPE,
25769803786,158913789952,EVAL_TYPE,
25769803787,158913789952,EVAL_TYPE,
25769803788,158913789952,EVAL_TYPE,
25769803789,158913789952,EVAL_TYPE,
30064771072,158913789952,EVAL_TYPE,
30064771073,158913789952,EVAL_TYPE,
30064771074,158913789952,EVAL_TYPE,
30064771075,158913789952,EVAL_TYPE,
30064771076,158913789952,EVAL_TYPE,
30064771077,158913789952,EVAL_TYPE,
30064771078,158913789952,EVAL_TYPE,
30064771079,158913789952,EVAL_TYPE,
30064771080,158913789952,EVAL_TYPE,
30064771081,158913789952,EVAL_TYPE,
30064771082,158913789952,EVAL_TYPE,
30064771083,158913789952,EVAL_TYPE,
30064771084,158913789952,EVAL_TYPE,
30064771085,158913789952,EVAL_TYPE,
30064771086,158913789952,EVAL_TYPE,
30064771087,158913789952,EVAL_TYPE,
30064771088,158913789952,EVAL_TYPE,
30064771089,158913789952,EVAL_TYPE,
30064771090,158913789952,EVAL_TYPE,
30064771091,158913789952,EVAL_TYPE,
30064771092,158913789952,EVAL_TYPE,
30064771093,158913789952,EVAL_TYPE,
30064771094,158913789952,EVAL_TYPE,
30064771095,158913789952,EVAL_TYPE,
30064771096,158913789952,EVAL_TYPE,
30064771097,158913789952,EVAL_TYPE,
30064771098,158913789952,EVAL_TYPE,
30064771099,158913789952,EVAL_TYPE,
30064771100,158913789952,EVAL_TYPE,
30064771101,158913789952,EVAL_TYPE,
30064771102,158913789952,EVAL_TYPE,
30064771103,158913789952,EVAL_TYPE,
30064771104,158913789952,EVAL_TYPE,
30064771105,158913789952,EVAL_TYPE,
30064771106,158913789952,EVAL_TYPE,
30064771107,158913789952,EVAL_TYPE,
30064771108,158913789952,EVAL_TYPE,
30064771109,158913789952,EVAL_TYPE,
30064771110,158913789952,EVAL_TYPE,
30064771111,158913789952,EVAL_TYPE,
30064771112,158913789952,EVAL_TYPE,
30064771113,158913789952,EVAL_TYPE,
30064771114,158913789952,EVAL_TYPE,
30064771115,158913789952,EVAL_TYPE,
30064771116,158913789952,EVAL_TYPE,
30064771117,158913789952,EVAL_TYPE,
30064771118,158913789952,EVAL_TYPE,
30064771119,158913789952,EVAL_TYPE,
30064771120,158913789952,EVAL_TYPE,
30064771121,158913789952,EVAL_TYPE,
30064771122,158913789952,EVAL_TYPE,
30064771123,158913789952,EVAL_TYPE,
68719476736,158913789952,EVAL_TYPE,
68719476737,158913789952,EVAL_TYPE,
68719476738,158913789952,EVAL_TYPE,
68719476739,158913789952,EVAL_TYPE,
68719476740,158913789952,EVAL_TYPE,
68719476741,158913789952,EVAL_TYPE,
68719476742,158913789952,EVAL_TYPE,
68719476743,158913789952,EVAL_TYPE,
68719476744,158913789952,EVAL_TYPE,
68719476745,158913789952,EVAL_TYPE,
68719476746,158913789952,EVAL_TYPE,
68719476747,158913789952,EVAL_TYPE,
68719476748,158913789952,EVAL_TYPE,
68719476749,158913789952,EVAL_TYPE,
68719476750,158913789952,EVAL_TYPE,
68719476751,158913789952,EVAL_TYPE,
68719476752,158913789952,EVAL_TYPE,
68719476753,158913789952,EVAL_TYPE,
68719476754,158913789952,EVAL_TYPE,
68719476755,158913789952,EVAL_TYPE,
68719476756,158913789952,EVAL_TYPE,
68719476757,158913789952,EVAL_TYPE,
68719476758,158913789952,EVAL_TYPE,
68719476759,158913789952,EVAL_TYPE,
68719476760,158913789952,EVAL_TYPE,
68719476761,158913789952,EVAL_TYPE,
68719476762,158913789952,EVAL_TYPE,
68719476763,158913789952,EVAL_TYPE,
68719476764,158913789952,EVAL_TYPE,
68719476765,158913789952,EVAL_TYPE,
68719476766,158913789952,EVAL_TYPE,
68719476767,158913789952,EVAL_TYPE,
68719476768,158913789952,EVAL_TYPE,
68719476769,158913789952,EVAL_TYPE,
68719476770,158913789952,EVAL_TYPE,
68719476771,158913789952,EVAL_TYPE,
68719476772,158913789952,EVAL_TYPE,
68719476773,158913789952,EVAL_TYPE,
68719476774,158913789952,EVAL_TYPE,
68719476775,158913789952,EVAL_TYPE,
68719476776,158913789952,EVAL_TYPE,
68719476777,158913789952,EVAL_TYPE,
68719476778,158913789952,EVAL_TYPE,
68719476779,158913789952,EVAL_TYPE,
68719476780,158913789952,EVAL_TYPE,
68719476781,158913789952,EVAL_TYPE,
68719476782,158913789952,EVAL_TYPE,
68719476783,158913789952,EVAL_TYPE,
68719476784,158913789952,EVAL_TYPE,
68719476785,158913789952,EVAL_TYPE,
68719476786,158913789952,EVAL_TYPE,
68719476787,158913789952,EVAL_TYPE,
68719476788,158913789952,EVAL_TYPE,
68719476789,158913789952,EVAL_TYPE,
68719476790,158913789952,EVAL_TYPE,
68719476791,158913789952,EVAL_TYPE,
68719476792,158913789952,EVAL_TYPE,
68719476793,158913789952,EVAL_TYPE,
68719476794,158913789952,EVAL_TYPE,
90194313216,158913789952,EVAL_TYPE,
90194313217,158913789952,EVAL_TYPE,
90194313218,158913789952,EVAL_TYPE,
90194313219,158913789952,EVAL_TYPE,
90194313220,158913789952,EVAL_TYPE,
90194313221,158913789952,EVAL_TYPE,
90194313222,158913789952,EVAL_TYPE,
90194313223,158913789952,EVAL_TYPE,
90194313224,158913789952,EVAL_TYPE,
90194313225,158913789952,EVAL_TYPE,
90194313226,158913789952,EVAL_TYPE,
90194313227,158913789952,EVAL_TYPE,
90194313228,158913789952,EVAL_TYPE,
90194313229,158913789952,EVAL_TYPE,
90194313230,158913789952,EVAL_TYPE,
90194313231,158913789952,EVAL_TYPE,
90194313232,158913789952,EVAL_TYPE,
90194313233,158913789952,EVAL_TYPE,
90194313234,158913789952,EVAL_TYPE,
90194313235,158913789952,EVAL_TYPE,
90194313236,158913789952,EVAL_TYPE,
90194313237,158913789952,EVAL_TYPE,
90194313238,158913789952,EVAL_TYPE,
94489280512,158913789952,EVAL_TYPE,
94489280513,158913789952,EVAL_TYPE,
94489280514,158913789952,EVAL_TYPE,
94489280515,158913789952,EVAL_TYPE,
94489280516,158913789952,EVAL_TYPE,
94489280517,158913789952,EVAL_TYPE,
94489280518,158913789952,EVAL_TYPE,
94489280519,158913789952,EVAL_TYPE,
94489280520,158913789952,EVAL_TYPE,
94489280521,158913789952,EVAL_TYPE,
94489280522,158913789952,EVAL_TYPE,
94489280523,158913789952,EVAL_TYPE,
94489280524,158913789952,EVAL_TYPE,
94489280525,158913789952,EVAL_TYPE,
94489280526,158913789952,EVAL_TYPE,
94489280527,158913789952,EVAL_TYPE,
94489280528,158913789952,EVAL_TYPE,
94489280529,158913789952,EVAL_TYPE,
94489280530,158913789952,EVAL_TYPE,
94489280531,158913789952,EVAL_TYPE,
94489280532,158913789952,EVAL_TYPE,
94489280533,158913789952,EVAL_TYPE,
94489280534,158913789952,EVAL_TYPE,
98784247808,158913789952,EVAL_TYPE,
98784247809,158913789952,EVAL_TYPE,
98784247810,158913789952,EVAL_TYPE,
98784247811,158913789952,EVAL_TYPE,
98784247812,158913789952,EVAL_TYPE,
111669149696,158913789952,EVAL_TYPE,
111669149697,158913789952,EVAL_TYPE,
111669149698,158913789952,EVAL_TYPE,
111669149699,158913789952,EVAL_TYPE,
111669149700,158913789952,EVAL_TYPE,
111669149701,158913789952,EVAL_TYPE,
111669149702,158913789952,EVAL_TYPE,
111669149703,158913789952,EVAL_TYPE,
111669149704,158913789952,EVAL_TYPE,
111669149705,158913789952,EVAL_TYPE,
111669149706,158913789952,EVAL_TYPE,
111669149707,158913789952,EVAL_TYPE,
111669149708,158913789952,EVAL_TYPE,
111669149709,158913789952,EVAL_TYPE,
111669149710,158913789952,EVAL_TYPE,
115964116992,158913789952,EVAL_TYPE,
115964116993,158913789952,EVAL_TYPE,
115964116994,158913789952,EVAL_TYPE,
115964116995,158913789952,EVAL_TYPE,
115964116996,158913789952,EVAL_TYPE,
115964116997,158913789952,EVAL_TYPE,
115964116998,158913789952,EVAL_TYPE,
115964116999,158913789952,EVAL_TYPE,
115964117000,158913789952,EVAL_TYPE,
115964117001,158913789952,EVAL_TYPE,
115964117002,158913789952,EVAL_TYPE,
115964117003,158913789952,EVAL_TYPE,
115964117004,158913789952,EVAL_TYPE,
115964117005,158913789952,EVAL_TYPE,
115964117006,158913789952,EVAL_TYPE,
120259084288,158913789952,EVAL_TYPE,
120259084289,158913789952,EVAL_TYPE,
120259084290,158913789952,EVAL_TYPE,
120259084291,158913789952,EVAL_TYPE,
124554051584,158913789952,EVAL_TYPE,
124554051585,158913789952,EVAL_TYPE,
124554051586,158913789952,EVAL_TYPE,
124554051587,158913789952,EVAL_TYPE,
124554051588,158913789952,EVAL_TYPE,
124554051589,158913789952,EVAL_TYPE,
124554051590,158913789952,EVAL_TYPE,
124554051591,158913789952,EVAL_TYPE,
124554051592,158913789952,EVAL_TYPE,
124554051593,158913789952,EVAL_TYPE,
167503724544,158913789952,INHERITS_FROM,
30064771073,73014444032,IS_CALL_FOR_IMPORT,
30064771075,73014444033,IS_CALL_FOR_IMPORT,
30064771077,73014444034,IS_CALL_FOR_IMPORT,
30064771079,73014444035,IS_CALL_FOR_IMPORT,
111669149696,115964116992,PARAMETER_LINK,
111669149697,115964116993,PARAMETER_LINK,
111669149698,115964116994,PARAMETER_LINK,
111669149699,115964116995,PARAMETER_LINK,
111669149700,115964116996,PARAMETER_LINK,
111669149701,115964116997,PARAMETER_LINK,
111669149702,115964116998,PARAMETER_LINK,
111669149703,115964116999,PARAMETER_LINK,
111669149704,115964117000,PARAMETER_LINK,
111669149705,115964117001,PARAMETER_LINK,
111669149706,115964117002,PARAMETER_LINK,
111669149707,115964117003,PARAMETER_LINK,
111669149708,115964117004,PARAMETER_LINK,
111669149709,115964117005,PARAMETER_LINK,
111669149710,115964117006,PARAMETER_LINK,
25769803781,30064771123,POST_DOMINATE,
30064771072,176093659136,POST_DOMINATE,
30064771073,90194313217,POST_DOMINATE,
30064771074,30064771073,POST_DOMINATE,
30064771075,90194313219,POST_DOMINATE,
30064771076,30064771075,POST_DOMINATE,
30064771077,90194313221,POST_DOMINATE,
30064771078,30064771077,POST_DOMINATE,
30064771079,90194313223,POST_DOMINATE,
30064771080,30064771079,POST_DOMINATE,
30064771081,90194313224,POST_DOMINATE,
30064771082,90194313225,POST_DOMINATE,
30064771083,55834574848,POST_DOMINATE,
30064771084,68719476747,POST_DOMINATE,
30064771085,30064771084,POST_DOMINATE,
30064771086,55834574849,POST_DOMINATE,
30064771087,68719476752,POST_DOMINATE,
30064771088,30064771087,POST_DOMINATE,
30064771089,55834574850,POST_DOMINATE,
30064771090,90194313226,POST_DOMINATE,
30064771091,55834574851,POST_DOMINATE,
30064771092,68719476757,POST_DOMINATE,
30064771093,68719476760,POST_DOMINATE,
30064771094,30064771093,POST_DOMINATE,
30064771095,30064771094,POST_DOMINATE,
30064771096,55834574852,POST_DOMINATE,
30064771097,68719476762,POST_DOMINATE,
30064771098,55834574853,POST_DOMINATE,
30064771099,68719476766,POST_DOMINATE,
30064771100,120259084288,POST_DOMINATE,
30064771101,68719476768,POST_DOMINATE,
30064771102,30064771101,POST_DOMINATE,
30064771103,55834574854,POST_DOMINATE,
30064771104,68719476770,POST_DOMINATE,
30064771105,55834574855,POST_DOMINATE,
30064771106,68719476774,POST_DOMINATE,
30064771107,120259084289,POST_DOMINATE,
30064771108,55834574856,POST_DOMINATE,
30064771109,68719476776,POST_DOMINATE,
30064771110,120259084290,POST_DOMINATE,
30064771111,55834574857,POST_DOMINATE,
30064771112,68719476780,POST_DOMINATE,
30064771113,120259084291,POST_DOMINATE,
30064771114,90194313229,POST_DOMINATE,
30064771115,90194313231,POST_DOMINATE,
30064771116,90194313233,POST_DOMINATE,
30064771117,68719476786,POST_DOMINATE,
30064771118,90194313235,POST_DOMINATE,
30064771119,30064771118,POST_DOMINATE,
30064771120,90194313236,POST_DOMINATE,
30064771121,30064771120,POST_DOMINATE,
30064771122,90194313237,POST_DOMINATE,
30064771123,68719476793,POST_DOMINATE,
55834574848,68719476748,POST_DOMINATE,
55834574849,68719476751,POST_DOMINATE,
55834574850,68719476754,POST_DOMINATE,
55834574851,68719476756,POST_DOMINATE,
55834574852,68719476763,POST_DOMINATE,
55834574853,68719476765,POST_DOMINATE,
55834574854,68719476771,POST_DOMINATE,
55834574855,68719476773,POST_DOMINATE,
55834574856,68719476777,POST_DOMINATE,
55834574857,68719476781,POST_DOMINATE,
68719476736,107374182400,POST_DOMINATE,
68719476737,30064771072,POST_DOMINATE,
68719476738,68719476737,POST_DOMINATE,
68719476739,30064771074,POST_DOMINATE,
68719476740,68719476739,POST_DOMINATE,
68719476741,30064771076,POST_DOMINATE,
68719476742,68719476741,POST_DOMINATE,
68719476743,30064771078,POST_DOMINATE,
68719476744,68719476743,POST_DOMINATE,
68719476745,30064771080,POST_DOMINATE,
68719476746,30064771081,POST_DOMINATE,
68719476747,68719476749,POST_DOMINATE,
68719476748,68719476750,POST_DOMINATE,
68719476749,30064771083,POST_DOMINATE,
68719476750,30064771082,POST_DOMINATE,
68719476751,68719476753,POST_DOMINATE,
68719476752,30064771086,POST_DOMINATE,
68719476753,30064771085,POST_DOMINATE,
68719476754,30064771088,POST_DOMINATE,
68719476755,30064771089,POST_DOMINATE,
68719476756,30064771090,POST_DOMINATE,
68719476757,30064771091,POST_DOMINATE,
68719476758,30064771092,POST_DOMINATE,
68719476759,90194313227,POST_DOMINATE,
68719476760,68719476759,POST_DOMINATE,
68719476761,107374182401,POST_DOMINATE,
68719476762,68719476764,POST_DOMINATE,
68719476763,30064771095,POST_DOMINATE,
68719476764,30064771096,POST_DOMINATE,
68719476765,30064771097,POST_DOMINATE,
68719476766,30064771098,POST_DOMINATE,
68719476767,30064771100,POST_DOMINATE,
68719476768,90194313228,POST_DOMINATE,
68719476769,107374182402,POST_DOMINATE,
68719476770,68719476772,POST_DOMINATE,
68719476771,30064771102,POST_DOMINATE,
68719476772,30064771103,POST_DOMINATE,
68719476773,30064771104,POST_DOMINATE,
68719476774,30064771105,POST_DOMINATE,
68719476775,30064771107,POST_DOMINATE,
68719476776,68719476778,POST_DOMINATE,
68719476777,107374182403,POST_DOMINATE,
68719476778,30064771108,POST_DOMINATE,
68719476779,30064771110,POST_DOMINATE,
68719476780,68719476782,POST_DOMINATE,
68719476781,107374182404,POST_DOMINATE,
68719476782,30064771111,POST_DOMINATE,
68719476783,30064771113,POST_DOMINATE,
68719476785,30064771115,POST_DOMINATE,
68719476786,90194313234,POST_DOMINATE,
68719476787,30064771116,POST_DOMINATE,
68719476788,68719476789,POST_DOMINATE,
68719476789,30064771117,POST_DOMINATE,
68719476790,68719476791,POST_DOMINATE,
68719476791,30064771119,POST_DOMINATE,
68719476792,30064771121,POST_DOMINATE,
68719476793,90194313238,POST_DOMINATE,
90194313216,68719476738,POST_DOMINATE,
90194313217,90194313216,POST_DOMINATE,
90194313218,68719476740,POST_DOMINATE,
90194313219,90194313218,POST_DOMINATE,
90194313220,68719476742,POST_DOMINATE,
90194313221,90194313220,POST_DOMINATE,
90194313222,68719476744,POST_DOMINATE,
90194313223,90194313222,POST_DOMINATE,
90194313224,68719476745,POST_DOMINATE,
90194313225,68719476746,POST_DOMINATE,
90194313226,68719476755,POST_DOMINATE,
90194313227,68719476761,POST_DOMINATE,
90194313228,68719476769,POST_DOMINATE,
90194313229,68719476783,POST_DOMINATE,
90194313230,68719476784,POST_DOMINATE,
90194313231,90194313230,POST_DOMINATE,
90194313232,68719476785,POST_DOMINATE,
90194313233,90194313232,POST_DOMINATE,
90194313234,68719476787,POST_DOMINATE,
90194313235,68719476788,POST_DOMINATE,
90194313236,68719476790,POST_DOMINATE,
90194313237,68719476792,POST_DOMINATE,
90194313238,68719476794,POST_DOMINATE,
120259084288,68719476758,POST_DOMINATE,
120259084289,68719476767,POST_DOMINATE,
120259084290,68719476775,POST_DOMINATE,
120259084291,68719476779,POST_DOMINATE,
124554051584,30064771114,POST_DOMINATE,
124554051584,30064771122,POST_DOMINATE,
124554051584,25769803781,POST_DOMINATE,
124554051585,30064771099,POST_DOMINATE,
124554051584,141733920768,POST_DOMINATE,
124554051585,141733920769,POST_DOMINATE,
124554051586,141733920770,POST_DOMINATE,
124554051587,107374182401,POST_DOMINATE,
124554051588,107374182402,POST_DOMINATE,
124554051589,107374182403,POST_DOMINATE,
124554051590,107374182404,POST_DOMINATE,
124554051591,107374182405,POST_DOMINATE,
141733920768,30064771106,POST_DOMINATE,
141733920769,30064771109,POST_DOMINATE,
141733920770,30064771112,POST_DOMINATE,
176093659136,68719476736,POST_DOMINATE,
30064771072,124554051584,REACHING_DEF,print = __builtins__.print
30064771073,68719476737,REACHING_DEF,"import(, sqlite3)"
30064771073,30064771074,REACHING_DEF,"import(, sqlite3)"
30064771073,124554051584,REACHING_DEF,"import(, sqlite3)"
30064771074,124554051584,REACHING_DEF,"sqlite3 = import(, sqlite3)"
30064771075,68719476739,REACHING_DEF,"import(, subprocess)"
30064771075,30064771076,REACHING_DEF,"import(, subprocess)"
30064771075,124554051584,REACHING_DEF,"import(, subprocess)"
30064771076,124554051584,REACHING_DEF,"subprocess = import(, subprocess)"
30064771077,68719476741,REACHING_DEF,"import(, pickle)"
30064771077,30064771078,REACHING_DEF,"import(, pickle)"
30064771077,124554051584,REACHING_DEF,"import(, pickle)"
30064771078,124554051584,REACHING_DEF,"pickle = import(, pickle)"
30064771079,68719476743,REACHING_DEF,"import(, os)"
30064771079,30064771080,REACHING_DEF,"import(, os)"
30064771079,124554051584,REACHING_DEF,"import(, os)"
30064771080,124554051584,REACHING_DEF,"os = import(, os)"
30064771081,124554051584,REACHING_DEF,"API_TOKEN = ""AKIAEXAMPLERAWTOKEN12345"""
30064771082,124554051584,REACHING_DEF,"DB_PATH = ""/tmp/app_users.db"""
30064771084,68719476750,REACHING_DEF,sqlite3.connect(DB_PATH)
30064771084,30064771085,REACHING_DEF,sqlite3.connect(DB_PATH)
30064771084,124554051584,REACHING_DEF,sqlite3.connect(DB_PATH)
30064771085,124554051584,REACHING_DEF,conn = sqlite3.connect(DB_PATH)
30064771087,68719476753,REACHING_DEF,conn.cursor()
30064771087,30064771088,REACHING_DEF,conn.cursor()
30064771087,124554051584,REACHING_DEF,conn.cursor()
30064771088,124554051584,REACHING_DEF,cur = conn.cursor()
30064771090,124554051584,REACHING_DEF,"cur.execute(""CREATE TABLE IF NOT EXISTS users (id INTEGER PRIMARY KEY, username TEXT, password TEXT)"")"
30064771092,124554051584,REACHING_DEF,conn.commit()
30064771093,30064771094,REACHING_DEF,"(username, password)"
30064771093,124554051585,REACHING_DEF,"(username, password)"
30064771094,68719476761,REACHING_DEF,"""INSERT INTO users (username, password) VALUES ('%s', '%s')"" % (username, password)"
30064771094,30064771095,REACHING_DEF,"""INSERT INTO users (username, password) VALUES ('%s', '%s')"" % (username, password)"
30064771094,124554051585,REACHING_DEF,"""INSERT INTO users (username, password) VALUES ('%s', '%s')"" % (username, password)"
30064771095,124554051585,REACHING_DEF,"sql = ""INSERT INTO users (username, password) VALUES ('%s', '%s')"" % (username, password)"
30064771097,124554051585,REACHING_DEF,cur.execute(sql)
30064771099,124554051585,REACHING_DEF,conn.commit()
30064771100,124554051585,REACHING_DEF,add_user = def add_user(...)
30064771101,68719476769,REACHING_DEF,"""SELECT id, username FROM users WHERE username = '%s'"" % username"
30064771101,30064771102,REACHING_DEF,"""SELECT id, username FROM users WHERE username = '%s'"" % username"
30064771101,124554051586,REACHING_DEF,"""SELECT id, username FROM users WHERE username = '%s'"" % username"
30064771102,124554051586,REACHING_DEF,"q = ""SELECT id, username FROM users WHERE username = '%s'"" % username"
30064771104,124554051586,REACHING_DEF,cur.execute(q)
30064771106,141733920768,REACHING_DEF,cur.fetchall()
30064771106,124554051586,REACHING_DEF,cur.fetchall()
30064771107,124554051586,REACHING_DEF,get_user = def get_user(...)
30064771109,141733920769,REACHING_DEF,subprocess.getoutput(command)
30064771109,124554051587,REACHING_DEF,subprocess.getoutput(command)
30064771110,124554051587,REACHING_DEF,run_shell = def run_shell(...)
30064771112,141733920770,REACHING_DEF,pickle.loads(blob)
30064771112,124554051588,REACHING_DEF,pickle.loads(blob)
30064771113,124554051588,REACHING_DEF,deserialize_blob = def deserialize_blob(...)
30064771114,124554051584,REACHING_DEF,"__name__ == ""__main__"""
30064771115,124554051584,REACHING_DEF,"add_user(""alice"", ""alicepass"")"
30064771116,124554051584,REACHING_DEF,"add_user(""bob"", ""bobpass"")"
30064771117,124554051584,REACHING_DEF,"print(""API_TOKEN in use:"", API_TOKEN)"
30064771118,30064771119,REACHING_DEF,"get_user(""alice' OR '1'='1"")"
30064771118,124554051584,REACHING_DEF,"get_user(""alice' OR '1'='1"")"
30064771119,124554051584,REACHING_DEF,"print(get_user(""alice' OR '1'='1""))"
30064771120,30064771121,REACHING_DEF,"run_shell(""echo Hello && whoami"")"
30064771120,124554051584,REACHING_DEF,"run_shell(""echo Hello && whoami"")"
30064771121,124554051584,REACHING_DEF,"print(run_shell(""echo Hello && whoami""))"
30064771122,124554051584,REACHING_DEF,"deserialize_blob(b""not-a-valid-pickle"")"
68719476736,30064771072,REACHING_DEF,print
68719476736,124554051585,REACHING_DEF,print
68719476737,30064771074,REACHING_DEF,sqlite3
68719476737,68719476748,REACHING_DEF,sqlite3
68719476737,68719476749,REACHING_DEF,sqlite3
68719476739,30064771076,REACHING_DEF,subprocess
68719476739,68719476777,REACHING_DEF,subprocess
68719476739,124554051584,REACHING_DEF,subprocess
68719476741,30064771078,REACHING_DEF,pickle
68719476741,68719476781,REACHING_DEF,pickle
68719476741,124554051584,REACHING_DEF,pickle
68719476743,30064771080,REACHING_DEF,os
68719476743,124554051584,REACHING_DEF,os
68719476745,30064771081,REACHING_DEF,API_TOKEN
68719476745,68719476786,REACHING_DEF,API_TOKEN
68719476746,30064771082,REACHING_DEF,DB_PATH
68719476746,68719476747,REACHING_DEF,DB_PATH
68719476747,68719476749,REACHING_DEF,DB_PATH
68719476747,30064771084,REACHING_DEF,DB_PATH
68719476747,124554051584,REACHING_DEF,DB_PATH
68719476749,68719476747,REACHING_DEF,sqlite3
68719476749,30064771084,REACHING_DEF,sqlite3
68719476749,124554051584,REACHING_DEF,sqlite3
68719476750,68719476752,REACHING_DEF,conn
68719476750,30064771085,REACHING_DEF,conn
68719476750,68719476751,REACHING_DEF,conn
68719476750,68719476765,REACHING_DEF,conn
68719476751,68719476765,REACHING_DEF,conn
68719476752,68719476757,REACHING_DEF,conn
68719476752,30064771087,REACHING_DEF,conn
68719476752,68719476756,REACHING_DEF,conn
68719476752,68719476765,REACHING_DEF,conn
68719476753,68719476754,REACHING_DEF,cur
68719476753,30064771088,REACHING_DEF,cur
68719476753,68719476755,REACHING_DEF,cur
68719476753,68719476763,REACHING_DEF,cur
68719476753,68719476771,REACHING_DEF,cur
68719476754,68719476763,REACHING_DEF,cur
68719476754,68719476771,REACHING_DEF,cur
68719476755,30064771090,REACHING_DEF,cur
68719476755,68719476763,REACHING_DEF,cur
68719476755,68719476771,REACHING_DEF,cur
68719476755,124554051584,REACHING_DEF,cur
68719476756,68719476765,REACHING_DEF,conn
68719476757,30064771092,REACHING_DEF,conn
68719476757,68719476765,REACHING_DEF,conn
68719476757,124554051584,REACHING_DEF,conn
68719476758,30064771100,REACHING_DEF,add_user
68719476758,124554051585,REACHING_DEF,add_user
68719476759,115964116992,REACHING_DEF,username
68719476759,30064771093,REACHING_DEF,username
68719476759,124554051585,REACHING_DEF,username
68719476760,30064771093,REACHING_DEF,password
68719476760,115964116993,REACHING_DEF,password
68719476760,124554051585,REACHING_DEF,password
68719476761,30064771095,REACHING_DEF,sql
68719476761,68719476762,REACHING_DEF,sql
68719476762,68719476764,REACHING_DEF,sql
68719476762,30064771097,REACHING_DEF,sql
68719476762,124554051585,REACHING_DEF,sql
68719476764,68719476762,REACHING_DEF,cur
68719476764,30064771097,REACHING_DEF,cur
68719476764,124554051585,REACHING_DEF,cur
68719476766,30064771099,REACHING_DEF,conn
68719476766,124554051585,REACHING_DEF,conn
68719476767,30064771107,REACHING_DEF,get_user
68719476767,124554051586,REACHING_DEF,get_user
68719476768,30064771101,REACHING_DEF,username
68719476768,115964116992,REACHING_DEF,username
68719476768,124554051586,REACHING_DEF,username
68719476769,30064771102,REACHING_DEF,q
68719476769,68719476770,REACHING_DEF,q
68719476770,68719476772,REACHING_DEF,q
68719476770,30064771104,REACHING_DEF,q
68719476770,124554051586,REACHING_DEF,q
68719476772,68719476774,REACHING_DEF,cur
68719476772,68719476773,REACHING_DEF,cur
68719476772,68719476770,REACHING_DEF,cur
68719476772,30064771104,REACHING_DEF,cur
68719476774,30064771106,REACHING_DEF,cur
68719476774,124554051586,REACHING_DEF,cur
68719476775,30064771110,REACHING_DEF,run_shell
68719476775,124554051587,REACHING_DEF,run_shell
68719476776,68719476778,REACHING_DEF,command
68719476776,30064771109,REACHING_DEF,command
68719476776,115964116995,REACHING_DEF,command
68719476776,124554051587,REACHING_DEF,command
68719476778,68719476776,REACHING_DEF,subprocess
68719476778,30064771109,REACHING_DEF,subprocess
68719476778,124554051587,REACHING_DEF,subprocess
68719476779,30064771113,REACHING_DEF,deserialize_blob
68719476779,124554051588,REACHING_DEF,deserialize_blob
68719476780,68719476782,REACHING_DEF,blob
68719476780,30064771112,REACHING_DEF,blob
68719476780,115964116996,REACHING_DEF,blob
68719476780,124554051588,REACHING_DEF,blob
68719476782,68719476780,REACHING_DEF,pickle
68719476782,30064771112,REACHING_DEF,pickle
68719476782,124554051588,REACHING_DEF,pickle
68719476783,30064771114,REACHING_DEF,__name__
68719476783,124554051584,REACHING_DEF,__name__
68719476786,30064771117,REACHING_DEF,API_TOKEN
68719476786,124554051584,REACHING_DEF,API_TOKEN
68719476793,30064771123,REACHING_DEF,e
90194313216,30064771073,REACHING_DEF,
90194313217,30064771073,REACHING_DEF,sqlite3
90194313218,30064771075,REACHING_DEF,
90194313219,30064771075,REACHING_DEF,subprocess
90194313220,30064771077,REACHING_DEF,
90194313221,30064771077,REACHING_DEF,pickle
90194313222,30064771079,REACHING_DEF,
90194313223,30064771079,REACHING_DEF,os
90194313224,68719476745,REACHING_DEF,"""AKIAEXAMPLERAWTOKEN12345"""
90194313224,30064771081,REACHING_DEF,"""AKIAEXAMPLERAWTOKEN12345"""
90194313225,68719476746,REACHING_DEF,"""/tmp/app_users.db"""
90194313225,30064771082,REACHING_DEF,"""/tmp/app_users.db"""
90194313226,68719476755,REACHING_DEF,"""CREATE TABLE IF NOT EXISTS users (id INTEGER PRIMARY KEY, username TEXT, password TEXT)"""
90194313226,30064771090,REACHING_DEF,"""CREATE TABLE IF NOT EXISTS users (id INTEGER PRIMARY KEY, username TEXT, password TEXT)"""
90194313227,30064771094,REACHING_DEF,"""INSERT INTO users (username, password) VALUES ('%s', '%s')"""
90194313228,30064771101,REACHING_DEF,"""SELECT id, username FROM users WHERE username = '%s'"""
90194313229,68719476783,REACHING_DEF,"""__main__"""
90194313229,30064771114,REACHING_DEF,"""__main__"""
90194313230,30064771115,REACHING_DEF,"""alice"""
90194313231,30064771115,REACHING_DEF,"""alicepass"""
90194313232,30064771116,REACHING_DEF,"""bob"""
90194313233,30064771116,REACHING_DEF,"""bobpass"""
90194313234,68719476786,REACHING_DEF,"""API_TOKEN in use:"""
90194313234,30064771117,REACHING_DEF,"""API_TOKEN in use:"""
90194313235,30064771118,REACHING_DEF,"""alice' OR '1'='1"""
90194313236,30064771120,REACHING_DEF,"""echo Hello && whoami"""
90194313237,30064771122,REACHING_DEF,"b""not-a-valid-pickle"""
90194313238,68719476793,REACHING_DEF,"""Deserialization error:"""
90194313238,30064771123,REACHING_DEF,"""Deserialization error:"""
107374182400,90194313220,REACHING_DEF,
107374182400,90194313230,REACHING_DEF,
107374182400,68719476754,REACHING_DEF,
107374182400,68719476749,REACHING_DEF,
107374182400,90194313234,REACHING_DEF,
107374182400,68719476786,REACHING_DEF,
107374182400,90194313222,REACHING_DEF,
107374182400,120259084288,REACHING_DEF,
107374182400,90194313217,REACHING_DEF,
107374182400,68719476756,REACHING_DEF,
107374182400,68719476792,REACHING_DEF,
107374182401,120259084289,REACHING_DEF,
107374182400,90194313231,REACHING_DEF,
107374182400,90194313225,REACHING_DEF,
107374182400,90194313218,REACHING_DEF,
107374182400,68719476785,REACHING_DEF,
107374182400,90194313235,REACHING_DEF,
107374182400,68719476793,REACHING_DEF,
107374182400,68719476740,REACHING_DEF,
107374182400,90194313221,REACHING_DEF,
107374182400,90194313238,REACHING_DEF,
107374182400,68719476747,REACHING_DEF,
107374182402,120259084290,REACHING_DEF,
107374182400,68719476752,REACHING_DEF,
107374182400,68719476784,REACHING_DEF,
107374182400,90194313219,REACHING_DEF,
107374182400,90194313224,REACHING_DEF,
107374182400,68719476791,REACHING_DEF,
107374182400,25769803781,REACHING_DEF,
107374182400,90194313237,REACHING_DEF,
107374182400,68719476790,REACHING_DEF,
107374182400,68719476794,REACHING_DEF,
107374182403,120259084291,REACHING_DEF,
107374182400,90194313232,REACHING_DEF,
107374182404,176093659136,REACHING_DEF,
107374182400,90194313229,REACHING_DEF,
107374182400,68719476748,REACHING_DEF,
107374182400,68719476788,REACHING_DEF,
107374182400,68719476738,REACHING_DEF,
107374182400,68719476751,REACHING_DEF,
107374182400,68719476757,REACHING_DEF,
107374182400,90194313223,REACHING_DEF,
107374182400,90194313226,REACHING_DEF,
107374182400,68719476789,REACHING_DEF,
107374182400,90194313236,REACHING_DEF,
107374182400,68719476787,REACHING_DEF,
107374182400,90194313233,REACHING_DEF,
107374182400,68719476755,REACHING_DEF,
107374182400,68719476744,REACHING_DEF,
107374182400,68719476742,REACHING_DEF,
107374182400,68719476783,REACHING_DEF,
107374182400,90194313216,REACHING_DEF,
107374182401,68719476764,REACHING_DEF,
107374182401,68719476765,REACHING_DEF,
107374182405,111669149696,REACHING_DEF,
107374182401,68719476766,REACHING_DEF,
107374182401,68719476763,REACHING_DEF,
107374182401,68719476760,REACHING_DEF,
107374182406,111669149697,REACHING_DEF,
107374182401,68719476759,REACHING_DEF,
107374182401,90194313227,REACHING_DEF,
107374182401,68719476762,REACHING_DEF,
107374182402,90194313228,REACHING_DEF,
107374182402,68719476771,REACHING_DEF,
107374182402,68719476770,REACHING_DEF,
107374182402,68719476774,REACHING_DEF,
107374182407,111669149698,REACHING_DEF,
107374182402,68719476772,REACHING_DEF,
107374182402,68719476773,REACHING_DEF,
107374182402,68719476768,REACHING_DEF,
107374182403,68719476777,REACHING_DEF,
107374182403,68719476778,REACHING_DEF,
107374182408,111669149699,REACHING_DEF,
107374182403,68719476776,REACHING_DEF,
107374182404,68719476781,REACHING_DEF,
107374182404,68719476782,REACHING_DEF,
107374182409,111669149700,REACHING_DEF,
107374182404,68719476780,REACHING_DEF,
107374182410,111669149701,REACHING_DEF,
107374182411,111669149702,REACHING_DEF,
107374182412,111669149703,REACHING_DEF,
107374182413,111669149704,REACHING_DEF,
107374182414,111669149705,REACHING_DEF,
107374182415,111669149706,REACHING_DEF,
107374182416,111669149707,REACHING_DEF,
107374182417,111669149708,REACHING_DEF,
111669149696,115964116992,REACHING_DEF,username
111669149696,68719476759,REACHING_DEF,username
111669149697,68719476760,REACHING_DEF,password
111669149697,115964116993,REACHING_DEF,password
111669149696,68719476768,REACHING_DEF,username
111669149699,68719476776,REACHING_DEF,command
111669149699,115964116995,REACHING_DEF,command
111669149700,68719476780,REACHING_DEF,blob
111669149700,115964116996,REACHING_DEF,blob
111669149696,115964116992,REACHING_DEF,p1
111669149697,124554051586,REACHING_DEF,p1
111669149698,115964116993,REACHING_DEF,p2
111669149699,124554051587,REACHING_DEF,p2
111669149700,115964116994,REACHING_DEF,p1
111669149701,124554051588,REACHING_DEF,p1
111669149702,115964116995,REACHING_DEF,p2
111669149703,124554051589,REACHING_DEF,p2
111669149704,115964116996,REACHING_DEF,p1
111669149705,124554051590,REACHING_DEF,p1
111669149706,115964116997,REACHING_DEF,p2
111669149707,124554051591,REACHING_DEF,p2
111669149708,115964116998,REACHING_DEF,p1
111669149709,124554051592,REACHING_DEF,p1
111669149710,115964116999,REACHING_DEF,p2
111669149711,124554051593,REACHING_DEF,p2
111669149712,115964117000,REACHING_DEF,p1
111669149713,124554051594,REACHING_DEF,p1
111669149714,115964117001,REACHING_DEF,p2
111669149715,124554051595,REACHING_DEF,p2
120259084288,68719476758,REACHING_DEF,def add_user(...)
120259084288,30064771100,REACHING_DEF,def add_user(...)
120259084289,68719476767,REACHING_DEF,def get_user(...)
120259084289,30064771107,REACHING_DEF,def get_user(...)
120259084290,68719476775,REACHING_DEF,def run_shell(...)
120259084290,30064771110,REACHING_DEF,def run_shell(...)
120259084291,68719476779,REACHING_DEF,def deserialize_blob(...)
120259084291,30064771113,REACHING_DEF,def deserialize_blob(...)
141733920768,124554051596,REACHING_DEF,<RET>
141733920769,124554051597,REACHING_DEF,<RET>
141733920770,124554051598,REACHING_DEF,<RET>
176093659136,68719476736,REACHING_DEF,__builtins__.print
176093659136,30064771072,REACHING_DEF,__builtins__.print
30064771073,68719476738,RECEIVER,
30064771075,68719476740,RECEIVER,
30064771077,68719476742,RECEIVER,
30064771079,68719476744,RECEIVER,
30064771084,30064771083,RECEIVER,
30064771087,30064771086,RECEIVER,
30064771090,30064771089,RECEIVER,
30064771092,30064771091,RECEIVER,
30064771097,30064771096,RECEIVER,
30064771099,30064771098,RECEIVER,
30064771104,30064771103,RECEIVER,
30064771106,30064771105,RECEIVER,
30064771109,30064771108,RECEIVER,
30064771112,30064771111,RECEIVER,
30064771115,68719476784,RECEIVER,
30064771116,68719476785,RECEIVER,
30064771117,68719476787,RECEIVER,
30064771118,68719476788,RECEIVER,
30064771119,68719476789,RECEIVER,
30064771120,68719476790,RECEIVER,
30064771121,68719476791,RECEIVER,
30064771122,68719476792,RECEIVER,
30064771123,68719476794,RECEIVER,
21474836480,107374182400,REF,
21474836481,107374182401,REF,
21474836482,107374182402,REF,
21474836483,107374182403,REF,
21474836484,107374182404,REF,
34359738368,94489280517,REF,
34359738369,94489280516,REF,
34359738370,94489280517,REF,
34359738371,94489280520,REF,
34359738372,94489280521,REF,
68719476736,94489280513,REF,
68719476737,94489280518,REF,
68719476738,94489280519,REF,
68719476739,94489280520,REF,
68719476740,94489280519,REF,
68719476741,94489280521,REF,
68719476742,94489280519,REF,
68719476743,94489280522,REF,
68719476744,94489280519,REF,
68719476745,94489280514,REF,
68719476746,94489280515,REF,
68719476747,94489280515,REF,
68719476748,94489280518,REF,
68719476749,94489280518,REF,
68719476750,94489280516,REF,
68719476751,94489280516,REF,
68719476752,94489280516,REF,
68719476753,94489280517,REF,
68719476754,94489280517,REF,
68719476755,94489280517,REF,
68719476756,94489280516,REF,
68719476757,94489280516,REF,
68719476758,94489280523,REF,
68719476759,111669149696,REF,
68719476760,111669149697,REF,
68719476761,94489280528,REF,
68719476762,94489280528,REF,
68719476763,94489280529,REF,
68719476764,94489280529,REF,
68719476765,94489280530,REF,
68719476766,94489280530,REF,
68719476767,94489280524,REF,
68719476768,111669149698,REF,
68719476769,94489280531,REF,
68719476770,94489280531,REF,
68719476771,94489280532,REF,
68719476772,94489280532,REF,
68719476773,94489280532,REF,
68719476774,94489280532,REF,
68719476775,94489280525,REF,
68719476776,111669149699,REF,
68719476777,94489280533,REF,
68719476778,94489280533,REF,
68719476779,94489280526,REF,
68719476780,111669149700,REF,
68719476781,94489280534,REF,
68719476782,94489280534,REF,
68719476783,94489280527,REF,
68719476784,94489280523,REF,
68719476785,94489280523,REF,
68719476786,94489280514,REF,
68719476787,94489280513,REF,
68719476788,94489280524,REF,
68719476789,94489280513,REF,
68719476790,94489280525,REF,
68719476791,94489280513,REF,
68719476792,94489280526,REF,
68719476793,94489280512,REF,
68719476794,94489280513,REF,
120259084288,107374182405,REF,
120259084289,107374182406,REF,
120259084290,107374182407,REF,
120259084291,107374182408,REF,
137438953472,133143986176,REF,
137438953473,133143986176,REF,
158913789952,167503724544,REF,
107374182400,60129542144,SOURCE_FILE,
107374182401,60129542144,SOURCE_FILE,
107374182402,60129542144,SOURCE_FILE,
107374182403,60129542144,SOURCE_FILE,
107374182404,60129542144,SOURCE_FILE,
137438953472,60129542145,SOURCE_FILE,
137438953473,60129542144,SOURCE_FILE,
167503724544,60129542145,SOURCE_FILE,
167503724544,60129542144,SOURCE_FILE,
30064771073,146028888064,TAGGED_BY,
30064771075,146028888065,TAGGED_BY,
30064771077,146028888066,TAGGED_BY,
30064771079,146028888067,TAGGED_BY,
107374182400,128849018881,AST,
107374182400,124554051584,AST,
107374182401,128849018882,AST,
107374182401,111669149696,AST,
107374182401,111669149697,AST,
107374182401,115964116992,AST,
107374182401,115964116993,AST,
107374182401,124554051585,AST,
107374182402,128849018883,AST,
107374182402,111669149698,AST,
107374182402,115964116994,AST,
107374182402,124554051586,AST,
107374182403,128849018884,AST,
107374182403,111669149699,AST,
107374182403,115964116995,AST,
107374182403,124554051587,AST,
107374182404,128849018885,AST,
107374182404,111669149700,AST,
107374182404,115964116996,AST,
107374182404,124554051588,AST,
107374182405,111669149701,AST,
107374182405,111669149702,AST,
107374182405,115964116997,AST,
107374182405,115964116998,AST,
107374182405,124554051589,AST,
107374182406,111669149703,AST,
107374182406,111669149704,AST,
107374182406,115964116999,AST,
107374182406,115964117000,AST,
107374182406,124554051590,AST,
107374182407,111669149705,AST,
107374182407,111669149706,AST,
107374182407,115964117001,AST,
107374182407,115964117002,AST,
107374182407,124554051591,AST,
107374182408,111669149707,AST,
107374182408,111669149708,AST,
107374182408,115964117003,AST,
107374182408,115964117004,AST,
107374182408,124554051592,AST,
107374182409,111669149709,AST,
107374182409,111669149710,AST,
107374182409,115964117005,AST,
107374182409,115964117006,AST,
107374182409,124554051593,AST,
107374182410,111669149711,AST,
107374182410,111669149712,AST,
107374182410,111669149713,AST,
107374182410,124554051594,AST,
107374182411,111669149714,AST,
107374182411,111669149715,AST,
107374182411,124554051595,AST,
107374182412,111669149716,AST,
107374182412,111669149717,AST,
107374182412,111669149718,AST,
107374182412,124554051596,AST,
107374182413,111669149719,AST,
107374182413,111669149720,AST,
107374182413,124554051597,AST,
107374182414,111669149721,AST,
107374182414,111669149722,AST,
107374182414,124554051598,AST,
107374182415,111669149723,AST,
107374182415,111669149724,AST,
107374182415,111669149725,AST,
107374182415,124554051599,AST,
107374182416,111669149726,AST,
107374182416,111669149727,AST,
107374182416,111669149728,AST,
107374182416,124554051600,AST,
107374182417,111669149729,AST,
107374182417,111669149730,AST,
107374182417,111669149731,AST,
107374182417,124554051601,AST,
